{
  "GroupName": "Sound",
  "AreaAnchorName": "LevelArea_P44301_F44301001_G36",
  "SaveType": "Reset",
  "SavedValueCondition": {
    "Conditions": [],
    "Operation": "And"
  },
  "LoadOnInitial": true,
  "ValueSource": {},
  "ConflictIDList": [],
  "IsHoyoGroup": true,
  "HoYoGroupType": "Container",
  "StreamingTemplateType": "Standard",
  "HoyoGroupLowestLoadPlatformQuality": "VeryLow",
  "ConflictWhiteList": [],
  "AnchorList": [],
  "MonsterList": [],
  "PropList": [],
  "DistrictList": [
    {
      "Scale": {
        "x": 1,
        "y": 1,
        "z": 1,
        "normalized": {
          "x": 0.577350259,
          "y": 0.577350259,
          "z": 0.577350259,
          "normalized": {
            "x": 0.5773503,
            "y": 0.5773503,
            "z": 0.5773503,
            "magnitude": 1.00000012,
            "sqrMagnitude": 1.00000024
          },
          "magnitude": 0.99999994,
          "sqrMagnitude": 0.99999994
        },
        "magnitude": 1.73205078,
        "sqrMagnitude": 3
      },
      "Trigger": {
        "Shape": "Polygon",
        "Radius": 1,
        "DimX": 1,
        "DimY": 40,
        "DimZ": 1,
        "PointList": [
          {
            "x": -21.20895,
            "y": -23.10588,
            "normalized": {
              "x": -0.6762193,
              "y": -0.736700356,
              "normalized": {
                "x": -0.676219344,
                "y": -0.7367004,
                "magnitude": 1,
                "sqrMagnitude": 1.00000012
              },
              "magnitude": 0.99999994,
              "sqrMagnitude": 0.99999994
            },
            "magnitude": 31.3640137,
            "sqrMagnitude": 983.7013
          },
          {
            "x": -21.48484,
            "y": 20.80394,
            "normalized": {
              "x": -0.7183989,
              "y": 0.6956313,
              "normalized": {
                "x": -0.718399,
                "y": 0.6956314,
                "magnitude": 1,
                "sqrMagnitude": 1.00000012
              },
              "magnitude": 0.99999994,
              "sqrMagnitude": 0.99999994
            },
            "magnitude": 29.906559,
            "sqrMagnitude": 894.4023
          },
          {
            "x": 27.88625,
            "y": 18.91603,
            "normalized": {
              "x": 0.827569246,
              "y": 0.5613636,
              "normalized": {
                "x": 0.8275693,
                "y": 0.561363637,
                "magnitude": 1,
                "sqrMagnitude": 1.00000012
              },
              "magnitude": 0.99999994,
              "sqrMagnitude": 0.9999999
            },
            "magnitude": 33.6965752,
            "sqrMagnitude": 1135.45911
          },
          {
            "x": 33.67037,
            "y": -23.4506,
            "normalized": {
              "x": 0.820588231,
              "y": -0.5715199,
              "magnitude": 1,
              "sqrMagnitude": 1
            },
            "magnitude": 41.03199,
            "sqrMagnitude": 1683.62427
          }
        ]
      },
      "LoadOnInitial": true,
      "OnEnterAudioState": [
        {
          "GroupName": "StateGroup_Maze_Penocony_P1_1",
          "StateName": "State_MeeingHall"
        }
      ],
      "OnEnterAreaSound": {
        "PlayEventName": "Ev_WwiseMatrixReverb_VO_04_datingdaxing",
        "TransformList": []
      },
      "NPCCrowdRadius": 25,
      "ValueSource": {},
      "Name": "District29",
      "ID": 29,
      "PosX": 363.56,
      "PosY": -5.43,
      "PosZ": -276.95
    },
    {
      "Scale": {
        "x": 1,
        "y": 1,
        "z": 1,
        "normalized": {
          "x": 0.577350259,
          "y": 0.577350259,
          "z": 0.577350259,
          "normalized": {
            "x": 0.5773503,
            "y": 0.5773503,
            "z": 0.5773503,
            "magnitude": 1.00000012,
            "sqrMagnitude": 1.00000024
          },
          "magnitude": 0.99999994,
          "sqrMagnitude": 0.99999994
        },
        "magnitude": 1.73205078,
        "sqrMagnitude": 3
      },
      "Trigger": {
        "Shape": "Polygon",
        "Radius": 1,
        "DimX": 1,
        "DimY": 5,
        "DimZ": 1,
        "PointList": [
          {
            "x": -4.805928,
            "y": -1.654983,
            "normalized": {
              "x": -0.9455083,
              "y": -0.3255979,
              "normalized": {
                "x": -0.945508361,
                "y": -0.325597942,
                "magnitude": 1,
                "sqrMagnitude": 1.00000012
              },
              "magnitude": 0.99999994,
              "sqrMagnitude": 0.99999994
            },
            "magnitude": 5.08290434,
            "sqrMagnitude": 25.8359146
          },
          {
            "x": -4.459579,
            "y": 4.266112,
            "normalized": {
              "x": -0.722607255,
              "y": 0.691258848,
              "magnitude": 1,
              "sqrMagnitude": 1
            },
            "magnitude": 6.17151165,
            "sqrMagnitude": 38.0875549
          },
          {
            "x": 7.826974,
            "y": 4.310396,
            "normalized": {
              "x": 0.875953,
              "y": 0.482396454,
              "magnitude": 1,
              "sqrMagnitude": 1
            },
            "magnitude": 8.935381,
            "sqrMagnitude": 79.8410339
          },
          {
            "x": 7.704306,
            "y": -1.841867,
            "normalized": {
              "x": 0.9725922,
              "y": -0.232517421,
              "normalized": {
                "x": 0.972592235,
                "y": -0.232517436,
                "magnitude": 1,
                "sqrMagnitude": 1
              },
              "magnitude": 0.99999994,
              "sqrMagnitude": 0.9999999
            },
            "magnitude": 7.921415,
            "sqrMagnitude": 62.74881
          }
        ]
      },
      "LoadOnInitial": true,
      "OnEnterAudioState": [
        {
          "GroupName": "StateGroup_Maze_Penocony_P1_1",
          "StateName": "State_Corridor"
        }
      ],
      "OnEnterAreaSound": {
        "PlayEventName": "Ev_WwiseMatrixReverb_VO_21_zoulangruanzhuangxiu",
        "TransformList": []
      },
      "NPCCrowdRadius": 25,
      "ValueSource": {},
      "Name": "District30",
      "ID": 30,
      "PosX": 333.95,
      "PosY": 19.84,
      "PosZ": -296.5
    }
  ],
  "WaypointList": [],
  "PathwayList": [],
  "BattleAreaList": [],
  "NPCList": [],
  "CrowdList": [],
  "PedestrianList": [],
  "SmartObjectList": []
}