{
  "GroupName": "Shelter Group",
  "AreaAnchorName": "LevelArea_P20001_F20001001_G101",
  "SaveType": "Reset",
  "LoadCondition": {
    "Conditions": [
      {
        "Phase": "Finish",
        "ID": 1000401
      }
    ]
  },
  "StreamingTemplateType": "Standard",
  "AnchorList": [],
  "MonsterList": [],
  "PropList": [],
  "DistrictList": [
    {
      "Scale": {
        "x": 1,
        "y": 1,
        "z": 1,
        "normalized": {
          "x": 0.577350259,
          "y": 0.577350259,
          "z": 0.577350259,
          "normalized": {
            "x": 0.5773503,
            "y": 0.5773503,
            "z": 0.5773503,
            "magnitude": 1.00000012,
            "sqrMagnitude": 1.00000024
          },
          "magnitude": 0.99999994,
          "sqrMagnitude": 0.99999994
        },
        "magnitude": 1.73205078,
        "sqrMagnitude": 3
      },
      "Trigger": {
        "Shape": "Polygon",
        "Radius": 1,
        "DimX": 1,
        "DimY": 20,
        "DimZ": 1,
        "Offset": {
          "x": -3.84,
          "z": -4.03,
          "normalized": {
            "x": -0.689834535,
            "z": -0.723967,
            "normalized": {
              "x": -0.6898346,
              "z": -0.7239671,
              "magnitude": 1,
              "sqrMagnitude": 1.00000012
            },
            "magnitude": 0.99999994,
            "sqrMagnitude": 0.99999994
          },
          "magnitude": 5.566552,
          "sqrMagnitude": 30.9865017
        },
        "PointList": [
          {
            "x": -54.13309,
            "y": -28.11993,
            "normalized": {
              "x": -0.8874132,
              "y": -0.4609749,
              "magnitude": 1,
              "sqrMagnitude": 1
            },
            "magnitude": 61.001,
            "sqrMagnitude": 3721.122
          },
          {
            "x": -54.63688,
            "y": 36.41137,
            "normalized": {
              "x": -0.8321432,
              "y": 0.55456084,
              "magnitude": 1,
              "sqrMagnitude": 1
            },
            "magnitude": 65.65803,
            "sqrMagnitude": 4310.97656
          },
          {
            "x": -15.96218,
            "y": 38.13663,
            "normalized": {
              "x": -0.3860971,
              "y": 0.9224581,
              "normalized": {
                "x": -0.386097133,
                "y": 0.9224582,
                "magnitude": 1,
                "sqrMagnitude": 1.00000012
              },
              "magnitude": 0.99999994,
              "sqrMagnitude": 0.99999994
            },
            "magnitude": 41.3424,
            "sqrMagnitude": 1709.19385
          },
          {
            "x": -15.30251,
            "y": 56.30629,
            "normalized": {
              "x": -0.2622599,
              "y": 0.964997351,
              "magnitude": 1,
              "sqrMagnitude": 1.00000012
            },
            "magnitude": 58.3486481,
            "sqrMagnitude": 3404.565
          },
          {
            "x": -29.15017,
            "y": 68.34923,
            "normalized": {
              "x": -0.392300129,
              "y": 0.919837236,
              "normalized": {
                "x": -0.392300159,
                "y": 0.9198373,
                "magnitude": 1,
                "sqrMagnitude": 1
              },
              "magnitude": 0.99999994,
              "sqrMagnitude": 0.99999994
            },
            "magnitude": 74.3057861,
            "sqrMagnitude": 5521.34961
          },
          {
            "x": -30.74987,
            "y": 104.7786,
            "normalized": {
              "x": -0.281598449,
              "y": 0.9595323,
              "normalized": {
                "x": -0.281598479,
                "y": 0.9595324,
                "magnitude": 1,
                "sqrMagnitude": 1.00000012
              },
              "magnitude": 0.99999994,
              "sqrMagnitude": 0.99999994
            },
            "magnitude": 109.197578,
            "sqrMagnitude": 11924.11
          },
          {
            "x": -44.52169,
            "y": 107.2665,
            "normalized": {
              "x": -0.383348078,
              "y": 0.923603952,
              "magnitude": 1,
              "sqrMagnitude": 1
            },
            "magnitude": 116.139069,
            "sqrMagnitude": 13488.2832
          },
          {
            "x": -42.31721,
            "y": 141.8039,
            "normalized": {
              "x": -0.285959154,
              "y": 0.9582418,
              "magnitude": 1,
              "sqrMagnitude": 1
            },
            "magnitude": 147.983414,
            "sqrMagnitude": 21899.09
          },
          {
            "x": 2.515231,
            "y": 144.4344,
            "normalized": {
              "x": 0.0174117088,
              "y": 0.9998484,
              "magnitude": 1,
              "sqrMagnitude": 1
            },
            "magnitude": 144.4563,
            "sqrMagnitude": 20867.623
          },
          {
            "x": 2.564735,
            "y": 108.637,
            "normalized": {
              "x": 0.0236017238,
              "y": 0.9997214,
              "normalized": {
                "x": 0.0236017257,
                "y": 0.999721467,
                "magnitude": 1,
                "sqrMagnitude": 1
              },
              "magnitude": 0.99999994,
              "sqrMagnitude": 0.99999994
            },
            "magnitude": 108.667274,
            "sqrMagnitude": 11808.5762
          },
          {
            "x": -11.73971,
            "y": 106.0319,
            "normalized": {
              "x": -0.110046215,
              "y": 0.9939265,
              "magnitude": 1,
              "sqrMagnitude": 1.00000012
            },
            "magnitude": 106.679817,
            "sqrMagnitude": 11380.584
          },
          {
            "x": -11.37117,
            "y": 74.96032,
            "normalized": {
              "x": -0.149980024,
              "y": 0.988689,
              "normalized": {
                "x": -0.149980038,
                "y": 0.988689065,
                "magnitude": 1,
                "sqrMagnitude": 1
              },
              "magnitude": 0.99999994,
              "sqrMagnitude": 0.99999994
            },
            "magnitude": 75.817894,
            "sqrMagnitude": 5748.353
          },
          {
            "x": 0.212517,
            "y": 61.44218,
            "normalized": {
              "x": 0.003458792,
              "y": 0.99999404,
              "magnitude": 1,
              "sqrMagnitude": 1
            },
            "magnitude": 61.4425468,
            "sqrMagnitude": 3775.18677
          },
          {
            "x": 2.180721,
            "y": 38.03737,
            "normalized": {
              "x": 0.0572370328,
              "y": 0.9983607,
              "magnitude": 1,
              "sqrMagnitude": 1.00000012
            },
            "magnitude": 38.0998268,
            "sqrMagnitude": 1451.59692
          },
          {
            "x": 32.24025,
            "y": 38.05713,
            "normalized": {
              "x": 0.646386862,
              "y": 0.763009846,
              "magnitude": 1,
              "sqrMagnitude": 1
            },
            "magnitude": 49.87764,
            "sqrMagnitude": 2487.77881
          },
          {
            "x": 34.66378,
            "y": -26.61317,
            "normalized": {
              "x": 0.7931907,
              "y": -0.6089734,
              "magnitude": 1,
              "sqrMagnitude": 1.00000012
            },
            "magnitude": 43.7017,
            "sqrMagnitude": 1909.8385
          }
        ]
      },
      "LoadOnInitial": true,
      "DistrictType": "Level",
      "NPCCrowdRadius": 25,
      "LevelGraph": "Config/Level/Maze/MazeShelter/InitLevelGraph_MazeShelter_Common.json",
      "Name": "N1_Shelter_1",
      "ID": 1,
      "PosX": -0.39,
      "PosY": -2.1,