{
  "GroupName": "MainMission4340125_02",
  "Category": "Mission",
  "LevelGraph": "Config/Level/GroupGraph/F20241001/Group_F20241001_G197.json",
  "AreaAnchorName": "LevelArea_P20241_F20241001_G197",
  "SaveType": "Reset",
  "OwnerMainMissionID": 4340125,
  "ValueSource": {},
  "ConflictIDList": [],
  "IsHoyoGroup": true,
  "StreamingTemplateType": "Standard",
  "ConflictWhiteList": [],
  "AnchorList": [
    {
      "Usage": "Actor",
      "Name": "Anchor1",
      "RotY": 87.24064,
      "ID": 1,
      "PosX": -30.225,
      "PosY": 53.65179,
      "PosZ": -79.313
    }
  ],
  "MonsterList": [],
  "PropList": [],
  "DistrictList": [
    {
      "Scale": {
        "x": 1,
        "y": 1,
        "z": 1,
        "normalized": {
          "x": 0.577350259,
          "y": 0.577350259,
          "z": 0.577350259,
          "normalized": {
            "x": 0.5773503,
            "y": 0.5773503,
            "z": 0.5773503,
            "magnitude": 1.00000012,
            "sqrMagnitude": 1.00000024
          },
          "magnitude": 0.99999994,
          "sqrMagnitude": 0.99999994
        },
        "magnitude": 1.73205078,
        "sqrMagnitude": 3
      },
      "Trigger": {
        "Shape": "Polygon",
        "Radius": 1,
        "DimX": 1,
        "DimY": 1,
        "DimZ": 1,
        "PointList": [
          {
            "x": -7.480048,
            "y": -3.483947,
            "normalized": {
              "x": -0.9064959,
              "y": -0.422214359,
              "normalized": {
                "x": -0.906496048,
                "y": -0.422214419,
                "magnitude": 1,
                "sqrMagnitude": 1.00000012
              },
              "magnitude": 0.9999999,
              "sqrMagnitude": 0.9999998
            },
            "magnitude": 8.251607,
            "sqrMagnitude": 68.08901
          },
          {
            "x": -3.227445,
            "y": -1.477667,
            "normalized": {
              "x": -0.9092332,
              "y": -0.416287154,
              "magnitude": 1,
              "sqrMagnitude": 1
            },
            "magnitude": 3.54963374,
            "sqrMagnitude": 12.5999
          },
          {
            "x": -3.698996,
            "y": 2.910016,
            "normalized": {
              "x": -0.7859402,
              "y": 0.6183025,
              "magnitude": 1,
              "sqrMagnitude": 1
            },
            "magnitude": 4.70646,
            "sqrMagnitude": 22.1507645
          },
          {
            "x": -7.012474,
            "y": 5.513322,
            "normalized": {
              "x": -0.786126554,
              "y": 0.6180656,
              "magnitude": 1,
              "sqrMagnitude": 1
            },
            "magnitude": 8.920286,
            "sqrMagnitude": 79.57151
          },
          {
            "x": 4.403209,
            "y": 6.115426,
            "normalized": {
              "x": 0.584313631,
              "y": 0.811527848,
              "normalized": {
                "x": 0.5843137,
                "y": 0.8115279,
                "magnitude": 1,
                "sqrMagnitude": 1
              },
              "magnitude": 0.99999994,
              "sqrMagnitude": 0.9999999
            },
            "magnitude": 7.5356946,
            "sqrMagnitude": 56.78669
          },
          {
            "x": 1.428194,
            "y": -7.171546,
            "normalized": {
              "x": 0.195311964,
              "y": -0.9807412,
              "magnitude": 1,
              "sqrMagnitude": 1.00000012
            },
            "magnitude": 7.31237364,
            "sqrMagnitude": 53.47081
          }
        ]
      },
      "LoadOnInitial": true,
      "DistrictType": "Level",
      "NPCCrowdRadius": 25,
      "ValueSource": {},
      "Name": "District1",
      "RotY": 342.6853,
      "ID": 1,
      "PosX": -27.31,
      "PosY": 53.65179,
      "PosZ": -78.98
    }
  ],
  "WaypointList": [],
  "PathwayList": [],
  "BattleAreaList": [],
  "NPCList": [
    {
      "NPCID": 2220,
      "LoadOnInitial": true,
      "ValueSource": {},
      "DialogueTriggerAngle": 120,
      "DialogueGroups": [],
      "ServerInteractVerificationIDList": [],
      "BoardShowList": [],
      "OverrideNPCName": {
        "Hash": 371857150
      },
      "OverrideNPCTitle": {
        "Hash": 371857150
      },
      "TalkDialogGroupIDList": [],
      "DefaultAnimationType": "FreeStyle",
      "DefaultIdleFreeStyleMotionID": 200580000,
      "BornType": "Mission",
      "InitialHiddenNodeList": [],
      "InteractIconType": "ChatIcon",
      "DialogueTriggerSkipFakeAvatar": true,
      "CameraCenterEntityList": [],
      "SpawnConfig": {
        "TryCapture": true,
        "CaptureDistanceTolerance": 1.5,
        "EntitySpawnConfig": {
          "NeedBlackIn": true,
          "BlackInDistance": 25,
          "NeedFadeIn": true,
          "NeedFadeOut": true
        }
      },
      "TriggerValidGuest": {
        "LocalPlayer": true,
        "Teammember": true
      },
      "Name": "NPC1",
      "RotY": 258.3187,
      "ID": 400001,
      "PosX": -29.01,
      "PosY": 53.65179,
      "PosZ": -79.04
    }
  ],
  "CrowdList": [],
  "PedestrianList": [],
  "AudienceList": [],
  "SmartObjectList": []
}