{
  "GroupName": "fog_sound",
  "AreaAnchorName": "LevelArea_P20231_F20231001_G118",
  "SaveType": "Reset",
  "UnloadCondition": {
    "Conditions": [
      {
        "Type": "SubMission",
        "Phase": "Finish",
        "ID": 102120124
      }
    ]
  },
  "LoadOnInitial": true,
  "ValueSource": {},
  "ConflictIDList": [],
  "StreamingTemplateType": "Standard",
  "HoyoGroupLowestLoadPlatformQuality": "VeryLow",
  "TagContainer": [
    {
      "Tag": "Group.Audio.Sound",
      "TagHash": 1757672304
    }
  ],
  "AnchorList": [],
  "MonsterList": [],
  "PropList": [],
  "DistrictList": [
    {
      "Scale": {
        "x": 1.0,
        "y": 1.0,
        "z": 1.0,
        "normalized": {
          "x": 0.577350259,
          "y": 0.577350259,
          "z": 0.577350259,
          "normalized": {
            "x": 0.5773503,
            "y": 0.5773503,
            "z": 0.5773503,
            "magnitude": 1.00000012,
            "sqrMagnitude": 1.00000024
          },
          "magnitude": 0.99999994,
          "sqrMagnitude": 0.99999994
        },
        "magnitude": 1.73205078,
        "sqrMagnitude": 3.0
      },
      "Trigger": {
        "Shape": "Polygon",
        "Radius": 1.0,
        "DimX": 50.0,
        "DimY": 15.0,
        "DimZ": 50.0,
        "PointList": [
          {
            "x": -103.1511,
            "y": -55.53859,
            "normalized": {
              "x": -0.8804865,
              "y": -0.4740713,
              "magnitude": 1.0,
              "sqrMagnitude": 1.0
            },
            "magnitude": 117.1524,
            "sqrMagnitude": 13724.6846
          },
          {
            "x": -87.70218,
            "y": 84.61948,
            "normalized": {
              "x": -0.7196412,
              "y": 0.6943461,
              "normalized": {
                "x": -0.719641268,
                "y": 0.69434613,
                "magnitude": 1.0,
                "sqrMagnitude": 1.00000012
              },
              "magnitude": 0.99999994,
              "sqrMagnitude": 0.99999994
            },
            "magnitude": 121.869308,
            "sqrMagnitude": 14852.1279
          },
          {
            "x": 39.00914,
            "y": 26.60401,
            "normalized": {
              "x": 0.8261596,
              "y": 0.5634361,
              "normalized": {
                "x": 0.826159656,
                "y": 0.563436151,
                "magnitude": 1.0,
                "sqrMagnitude": 1.0
              },
              "magnitude": 0.99999994,
              "sqrMagnitude": 0.99999994
            },
            "magnitude": 47.2174377,
            "sqrMagnitude": 2229.48633
          },
          {
            "x": 36.06493,
            "y": -28.86764,
            "normalized": {
              "x": 0.780703,
              "y": -0.6249022,
              "normalized": {
                "x": 0.780703068,
                "y": -0.624902248,
                "magnitude": 1.0,
                "sqrMagnitude": 1.00000012
              },
              "magnitude": 0.99999994,
              "sqrMagnitude": 0.99999994
            },
            "magnitude": 46.1954536,
            "sqrMagnitude": 2134.01978
          },
          {
            "x": 20.38665,
            "y": -39.9028,
            "normalized": {
              "x": 0.454967469,
              "y": -0.890508056,
              "magnitude": 1.0,
              "sqrMagnitude": 1.0
            },
            "magnitude": 44.80903,
            "sqrMagnitude": 2007.849
          },
          {
            "x": -1.418266,
            "y": -61.84538,
            "normalized": {
              "x": -0.0229264237,
              "y": -0.9997372,
              "magnitude": 1.0,
              "sqrMagnitude": 1.00000012
            },
            "magnitude": 61.8616371,
            "sqrMagnitude": 3826.8623
          }
        ]
      },
      "LoadOnInitial": true,
      "OnEnterAreaSound": {
        "PlayEventName": "Ev_sfx_amb_fog",
        "StopEventName": "Ev_sfx_amb_fog_stop",
        "TransformList": []
      },
      "NPCCrowdRadius": 25.0,
      "Name": "District1",
      "ID": 1,
      "PosX": 2.8,
      "PosY": 5.0,
      "PosZ": 71.4
    }
  ],
  "WaypointList": [],
  "PathwayList": [],
  "BattleAreaList": [],
  "NPCList": [],
  "CrowdList": [],
  "PedestrianList": [],
  "AudienceList": [],
  "SmartObjectList": []
}