{
  "OriginalCenter": {
    "x": 43.0,
    "y": -0.5,
    "z": 29.0,
    "normalized": {
      "x": 0.8290336,
      "y": -0.009639926,
      "z": 0.5591157,
      "magnitude": 1.0,
      "sqrMagnitude": 1.0
    },
    "magnitude": 51.86762,
    "sqrMagnitude": 2690.25
  },
  "OriginalSize": {
    "x": 120.0,
    "y": 25.0,
    "z": 120.0,
    "normalized": {
      "x": 0.6995568,
      "y": 0.145741,
      "z": 0.6995568,
      "normalized": {
        "x": 0.6995569,
        "y": 0.145741016,
        "z": 0.6995569,
        "magnitude": 1.0,
        "sqrMagnitude": 1.00000012
      },
      "magnitude": 0.99999994,
      "sqrMagnitude": 0.99999994
    },
    "magnitude": 171.53717,
    "sqrMagnitude": 29425.0
  },
  "AreaList": [
    {
      "ScaleInCanvas": 1.0,
      "MinimapVolume": {
        "Center": {
          "x": 43.0,
          "y": -13.0,
          "z": 29.0,
          "normalized": {
            "x": 0.804195046,
            "y": -0.243128732,
            "z": 0.5423641,
            "magnitude": 1.0,
            "sqrMagnitude": 1.00000012
          },
          "magnitude": 53.4696159,
          "sqrMagnitude": 2859.0
        },
        "Size": {
          "x": 120.0,
          "z": 120.0,
          "normalized": {
            "x": 0.707106769,
            "z": 0.707106769,
            "normalized": {
              "x": 0.7071068,
              "z": 0.7071068,
              "magnitude": 1.0,
              "sqrMagnitude": 1.00000012
            },
            "magnitude": 0.99999994,
            "sqrMagnitude": 0.99999994
          },
          "magnitude": 169.705627,
          "sqrMagnitude": 28800.0
        },
        "SectionVertices": [
          {
            "x": -60.0,
            "y": 60.0,
            "normalized": {
              "x": -0.707106769,
              "y": 0.707106769,
              "normalized": {
                "x": -0.7071068,
                "y": 0.7071068,
                "magnitude": 1.0,
                "sqrMagnitude": 1.00000012
              },
              "magnitude": 0.99999994,
              "sqrMagnitude": 0.99999994
            },
            "magnitude": 84.85281,
            "sqrMagnitude": 7200.0
          },
          {
            "x": 60.0,
            "y": 60.0,
            "normalized": {
              "x": 0.707106769,
              "y": 0.707106769,
              "normalized": {
                "x": 0.7071068,
                "y": 0.7071068,
                "magnitude": 1.0,
                "sqrMagnitude": 1.00000012
              },
              "magnitude": 0.99999994,
              "sqrMagnitude": 0.99999994
            },
            "magnitude": 84.85281,
            "sqrMagnitude": 7200.0
          },
          {
            "x": 60.0,
            "y": -60.0,
            "normalized": {
              "x": 0.707106769,
              "y": -0.707106769,
              "normalized": {
                "x": 0.7071068,
                "y": -0.7071068,
                "magnitude": 1.0,
                "sqrMagnitude": 1.00000012
              },
              "magnitude": 0.99999994,
              "sqrMagnitude": 0.99999994
            },
            "magnitude": 84.85281,
            "sqrMagnitude": 7200.0
          },
          {
            "x": -60.0,
            "y": -60.0,
            "normalized": {
              "x": -0.707106769,
              "y": -0.707106769,
              "normalized": {
                "x": -0.7071068,
                "y": -0.7071068,
                "magnitude": 1.0,
                "sqrMagnitude": 1.00000012
              },
              "magnitude": 0.99999994,
              "sqrMagnitude": 0.99999994
            },
            "magnitude": 84.85281,
            "sqrMagnitude": 7200.0
          }
        ],
        "Atlas": "UI/Atlas/AtlasFiles/Minimap/Minimap_43212001.spriteatlas",
        "Sections": [
          {
            "MapLayerID": 1,
            "Sprite": "UI/Atlas/AtlasRoot/Minimap/Minimap_43212001/MinimapSection_43212001_0.png",
            "IsRect": true,
            "Indices": [
              0,
              1,
              2,
              3
            ],
            "InitialHidden": true,
            "Triangles": [
              {
                "y": 1.0,
                "magnitude": 1.0,
                "sqrMagnitude": 1.0
              },
              {
                "y": 0.5,
                "normalized": {
                  "y": 1.0,
                  "magnitude": 1.0,
                  "sqrMagnitude": 1.0
                },
                "magnitude": 0.5,
                "sqrMagnitude": 0.25
              },
              {
                "x": 0.5,
                "y": 0.5,
                "normalized": {
                  "x": 0.707106769,
                  "y": 0.707106769,
                  "normalized": {
                    "x": 0.7071068,
                    "y": 0.7071068,
                    "magnitude": 1.0,
                    "sqrMagnitude": 1.00000012
                  },
                  "magnitude": 0.99999994,
                  "sqrMagnitude": 0.99999994
                },
                "magnitude": 0.707106769,
                "sqrMagnitude": 0.5
              },
              {
                "y": 0.5,
                "normalized": {
                  "y": 1.0,
                  "magnitude": 1.0,
                  "sqrMagnitude": 1.0
                },
                "magnitude": 0.5,
                "sqrMagnitude": 0.25
              },
              {},
              {
                "x": 0.5,
                "y": 0.5,
                "normalized": {
                  "x": 0.707106769,
                  "y": 0.707106769,
                  "normalized": {
                    "x": 0.7071068,
                    "y": 0.7071068,
                    "magnitude": 1.0,
                    "sqrMagnitude": 1.00000012
                  },
                  "magnitude": 0.99999994,
                  "sqrMagnitude": 0.99999994
                },
                "magnitude": 0.707106769,
                "sqrMagnitude": 0.5
              },
              {
                "x": 0.5,
                "y": 0.5,
                "normalized": {
                  "x": 0.707106769,
                  "y": 0.707106769,
                  "normalized": {
                    "x": 0.7071068,
                    "y": 0.7071068,
                    "magnitude": 1.0,
                    "sqrMagnitude": 1.00000012
                  },
                  "magnitude": 0.99999994,
                  "sqrMagnitude": 0.99999994
                },
                "magnitude": 0.707106769,
                "sqrMagnitude": 0.5
              },
              {
                "x": 0.5,
                "normalized": {
                  "x": 1.0,
                  "magnitude": 1.0,
                  "sqrMagnitude": 1.0
                },
                "magnitude": 0.5,
                "sqrMagnitude": 0.25
              },
              {
                "x": 1.0,
                "magnitude": 1.0,
                "sqrMagnitude": 1.0
              },
              {
                "x": 0.5,
                "y": 0.5,
                "normalized": {
                  "x": 0.707106769,
                  "y": 0.707106769,
                  "normalized": {
                    "x": 0.7071068,
                    "y": 0.7071068,
                    "magnitude": 1.0,
                    "sqrMagnitude": 1.00000012
                  },
                  "magnitude": 0.99999994,
                  "sqrMagnitude": 0.99999994
                },
                "magnitude": 0.707106769,
                "sqrMagnitude": 0.5
              },
              {},
              {
                "x": 0.5,
                "normalized": {
                  "x": 1.0,
                  "magnitude": 1.0,
                  "sqrMagnitude": 1.0
                },
                "magnitude": 0.5,