{
  "GroupName": "Shelter Group",
  "AreaAnchorName": "LevelArea_P20123_F20123001_G81",
  "SaveType": "Reset",
  "LoadCondition": {
    "Conditions": [
      {
        "Phase": "Finish",
        "ID": 1010902
      }
    ]
  },
  "ConflictIDList": [],
  "StreamingTemplateType": "Standard",
  "AnchorList": [],
  "MonsterList": [],
  "PropList": [],
  "DistrictList": [
    {
      "Scale": {
        "x": 1,
        "y": 1,
        "z": 1,
        "normalized": {
          "x": 0.577350259,
          "y": 0.577350259,
          "z": 0.577350259,
          "normalized": {
            "x": 0.5773503,
            "y": 0.5773503,
            "z": 0.5773503,
            "magnitude": 1.00000012,
            "sqrMagnitude": 1.00000024
          },
          "magnitude": 0.99999994,
          "sqrMagnitude": 0.99999994
        },
        "magnitude": 1.73205078,
        "sqrMagnitude": 3
      },
      "Trigger": {
        "Shape": "Polygon",
        "Radius": 1,
        "DimX": 1,
        "DimY": 15,
        "DimZ": 1,
        "PointList": [
          {
            "x": -7.126729,
            "y": -29.83187,
            "normalized": {
              "x": -0.232357979,
              "y": -0.9726303,
              "magnitude": 1,
              "sqrMagnitude": 1
            },
            "magnitude": 30.6713333,
            "sqrMagnitude": 940.7307
          },
          {
            "x": -62.75004,
            "y": -15.92628,
            "normalized": {
              "x": -0.969268441,
              "y": -0.246005282,
              "normalized": {
                "x": -0.9692685,
                "y": -0.2460053,
                "magnitude": 1,
                "sqrMagnitude": 1
              },
              "magnitude": 0.99999994,
              "sqrMagnitude": 0.99999994
            },
            "magnitude": 64.7395859,
            "sqrMagnitude": 4191.214
          },
          {
            "x": -57.9903,
            "y": 65.20641,
            "normalized": {
              "x": -0.6645497,
              "y": 0.747244,
              "normalized": {
                "x": -0.664549768,
                "y": 0.74724406,
                "magnitude": 1,
                "sqrMagnitude": 1.00000012
              },
              "magnitude": 0.99999994,
              "sqrMagnitude": 0.9999999
            },
            "magnitude": 87.26254,
            "sqrMagnitude": 7614.751
          },
          {
            "x": -3.534801,
            "y": 64.21109,
            "normalized": {
              "x": -0.0549664721,
              "y": 0.9984882,
              "normalized": {
                "x": -0.0549664758,
                "y": 0.998488247,
                "magnitude": 1,
                "sqrMagnitude": 1.00000012
              },
              "magnitude": 0.99999994,
              "sqrMagnitude": 0.99999994
            },
            "magnitude": 64.30831,
            "sqrMagnitude": 4135.55859
          },
          {
            "x": 20.25357,
            "y": 22.54915,
            "normalized": {
              "x": 0.6682232,
              "y": 0.7439609,
              "magnitude": 1,
              "sqrMagnitude": 1
            },
            "magnitude": 30.30959,
            "sqrMagnitude": 918.671265
          },
          {
            "x": 28.4767,
            "y": 0.359073,
            "normalized": {
              "x": 0.9999205,
              "y": 0.01260836,
              "normalized": {
                "x": 0.999920547,
                "y": 0.0126083605,
                "magnitude": 1,
                "sqrMagnitude": 1.00000012
              },
              "magnitude": 0.99999994,
              "sqrMagnitude": 0.99999994
            },
            "magnitude": 28.4789639,
            "sqrMagnitude": 811.051331
          },
          {
            "x": 6.889945,
            "y": -30.04806,
            "normalized": {
              "x": 0.223497316,
              "y": -0.974704564,
              "magnitude": 1,
              "sqrMagnitude": 1
            },
            "magnitude": 30.8278637,
            "sqrMagnitude": 950.3572
          }
        ]
      },
      "LoadOnInitial": true,
      "DistrictType": "Level",
      "NPCCrowdRadius": 25,
      "LevelGraph": "Config/Level/Maze/MazeShelter/InitLevelGraph_MazeShelter_Common.json",
      "Name": "District1",
      "ID": 1,
      "PosX": -5.259139,
      "PosY": 19,
      "PosZ": 55.0558
    },
    {
      "Scale": {
        "x": 1,
        "y": 1,
        "z": 1,
        "normalized": {
          "x": 0.577350259,
          "y": 0.577350259,
          "z": 0.577350259,
          "normalized": {
            "x": 0.5773503,
            "y": 0.5773503,
            "z": 0.5773503,
            "magnitude": 1.00000012,
            "sqrMagnitude": 1.00000024
          },
          "magnitude": 0.99999994,
          "sqrMagnitude": 0.99999994
        },
        "magnitude": 1.73205078,
        "sqrMagnitude": 3
      },
      "Trigger": {
        "Shape": "Polygon",
        "Radius": 1,
        "DimX": 1,
        "DimY": 15,
        "DimZ": 1,
        "PointList": [
          {
            "x": -23.54773,
            "y": -31.78676,
            "normalized": {
              "x": -0.595259845,
              "y": -0.8035332,
              "normalized": {
                "x": -0.5952599,
                "y": -0.803533256,
                "magnitude": 1,
                "sqrMagnitude": 1
              },
              "magnitude": 0.99999994,
              "sqrMagnitude": 0.9999999
            },
            "magnitude": 39.55874,
            "sqrMagnitude": 1564.89368
          },
          {
            "x": -23.48049,
            "y": 6.799589,
            "normalized": {
              "x": -0.9605358,
              "y": 0.2781564,
              "magnitude": 1,
              "sqrMagnitude": 1
            },
            "magnitude": 24.4452,
            "sqrMagnitude": 597.5678
          },
          {
            "x": 88.11078,
            "y": 0.987625,
            "normalized": {
              "x": 0.9999371,
              "y": 0.0112081962,
              "normalized": {
                "x": 0.9999372,
                "y": 0.0112081971,
                "magnitude": 1,
                "sqrMagnitude": 1
              },
              "magnitude": 0.99999994,
              "sqrMagnitude": 0.9999999
            },
            "magnitude": 88.11632,
            "sqrMagnitude": 7764.485
          },
          {
            "x": 60.02816,
            "y": -72.88986,
            "normalized": {
              "x": 0.6357149,
              "y": -0.7719239,
              "normalized": {
                "x": 0.635714948,
                "y": -0.771923959,
                "magnitude": 1,
                "sqrMagnitude": 1.00000012
              },
              "magnitude": 0.99999994,
              "sqrMagnitude": 0.9999999
            },
            "magnitude": 94.42623,
            "sqrMagnitude": 8916.3125
          },
          {
            "x": 7.865216,
            "y": -65.80726,
            "normalized": {
              "x": 0.11867436,
              "y": -0.9929333,
              "magnitude": 1,
              "sqrMagnitude": 1.00000012
            },
            "magnitude": 66.27561,
            "sqrMagnitude": 4392.457
          },
          {
            "x": 2.403605,
            "y": -60.53703,
            "normalized": {
              "x": 0.0396734476,
              "y": -0.9992127,
              "normalized": {
                "x": 0.03967345,
                "y": -0.999212742,
                "magnitude": 1,
                "sqrMagnitude": 1.00000012
              },
              "magnitude": 0.99999994,
              "sqrMagnitude": 0.99999994
            },
            "magnitude": 60.58473,
            "sqrMagnitude": 3670.50928
          }
        ]
      },
      "LoadOnInitial": true,
      "DistrictType": "Level",
      "NPCCrowdRadius": 25,