{
  "GroupName": "BGM",
  "AreaAnchorName": "LevelArea_P80505_F80505001_G17",
  "SaveType": "Reset",
  "SavedValueCondition": {
    "Conditions": [],
    "Operation": "And"
  },
  "LoadOnInitial": true,
  "ValueSource": {},
  "ConflictIDList": [],
  "IsHoyoGroup": true,
  "HoYoGroupType": "Container",
  "StreamingTemplateType": "Standard",
  "HoyoGroupLowestLoadPlatformQuality": "VeryLow",
  "ConflictWhiteList": [],
  "AnchorList": [],
  "MonsterList": [],
  "PropList": [],
  "DistrictList": [
    {
      "Scale": {
        "x": 1.0,
        "y": 1.0,
        "z": 1.0,
        "normalized": {
          "x": 0.577350259,
          "y": 0.577350259,
          "z": 0.577350259,
          "normalized": {
            "x": 0.5773503,
            "y": 0.5773503,
            "z": 0.5773503,
            "magnitude": 1.00000012,
            "sqrMagnitude": 1.00000024
          },
          "magnitude": 0.99999994,
          "sqrMagnitude": 0.99999994
        },
        "magnitude": 1.73205078,
        "sqrMagnitude": 3.0
      },
      "Trigger": {
        "Shape": "Polygon",
        "Radius": 1.0,
        "DimX": 1.0,
        "DimY": 70.0,
        "DimZ": 1.0,
        "PointList": [
          {
            "x": -191.9983,
            "y": -105.6218,
            "normalized": {
              "x": -0.876172066,
              "y": -0.481998384,
              "normalized": {
                "x": -0.8761721,
                "y": -0.4819984,
                "magnitude": 1.0,
                "sqrMagnitude": 1.00000012
              },
              "magnitude": 0.99999994,
              "sqrMagnitude": 0.99999994
            },
            "magnitude": 219.1331,
            "sqrMagnitude": 48019.3164
          },
          {
            "x": -196.6498,
            "y": 106.5075,
            "normalized": {
              "x": -0.8793129,
              "y": 0.476244658,
              "magnitude": 1.0,
              "sqrMagnitude": 1.00000012
            },
            "magnitude": 223.6403,
            "sqrMagnitude": 50014.99
          },
          {
            "x": 72.95825,
            "y": 103.8004,
            "normalized": {
              "x": 0.5750375,
              "y": 0.818127036,
              "normalized": {
                "x": 0.575037539,
                "y": 0.8181271,
                "magnitude": 1.0,
                "sqrMagnitude": 1.00000012
              },
              "magnitude": 0.99999994,
              "sqrMagnitude": 0.99999994
            },
            "magnitude": 126.875648,
            "sqrMagnitude": 16097.43
          },
          {
            "x": 72.4322,
            "y": -103.2824,
            "normalized": {
              "x": 0.574177742,
              "y": -0.818730652,
              "normalized": {
                "x": 0.5741778,
                "y": -0.8187307,
                "magnitude": 1.0,
                "sqrMagnitude": 1.00000012
              },
              "magnitude": 0.99999994,
              "sqrMagnitude": 0.99999994
            },
            "magnitude": 126.149429,
            "sqrMagnitude": 15913.6777
          }
        ]
      },
      "LoadOnInitial": true,
      "OnEnterAudioState": [
        {
          "GroupName": "StateGroup_DistrictSwitch_P202",
          "StateName": "DistrictSwitch_P202_MiniatureCity"
        }
      ],
      "OnExitAudioState": [
        {
          "GroupName": "StateGroup_DistrictSwitch_P202",
          "StateName": "DistrictSwitch_P202_Default"
        }
      ],
      "CanTriggerByFakeAvatar": true,
      "BGMEmotion": "State_BGM_D1",
      "NPCCrowdRadius": 25.0,
      "ValueSource": {},
      "Name": "District1",
      "ID": 1,
      "PosX": -17.3999,
      "PosY": -236.7,
      "PosZ": -65.59998
    }
  ],
  "WaypointList": [],
  "PathwayList": [],
  "BattleAreaList": [],
  "NPCList": [],
  "CrowdList": [],
  "PedestrianList": [],
  "PedestrianV2List": [],
  "AudienceList": [],
  "SmartObjectList": [],
  "CurveList": [],
  "LittleGameList": []
}