{
  "GroupName": "Shelter Group",
  "AreaAnchorName": "LevelArea_P20003_F20003001_G108",
  "SaveType": "Reset",
  "LoadCondition": {
    "Conditions": [
      {
        "Phase": "Finish",
        "ID": 1000401
      }
    ]
  },
  "StreamingTemplateType": "Standard",
  "HoyoGroupLowestLoadPlatformQuality": "VeryLow",
  "AnchorList": [],
  "MonsterList": [],
  "PropList": [],
  "DistrictList": [
    {
      "Scale": {
        "x": 1.0,
        "y": 1.0,
        "z": 1.0,
        "normalized": {
          "x": 0.577350259,
          "y": 0.577350259,
          "z": 0.577350259,
          "normalized": {
            "x": 0.5773503,
            "y": 0.5773503,
            "z": 0.5773503,
            "magnitude": 1.00000012,
            "sqrMagnitude": 1.00000024
          },
          "magnitude": 0.99999994,
          "sqrMagnitude": 0.99999994
        },
        "magnitude": 1.73205078,
        "sqrMagnitude": 3.0
      },
      "Trigger": {
        "Shape": "Polygon",
        "Radius": 1.0,
        "DimX": 1.0,
        "DimY": 50.0,
        "DimZ": 1.0,
        "PointList": [
          {
            "x": -12.42012,
            "y": -8.557385,
            "normalized": {
              "x": -0.8234673,
              "y": -0.567363858,
              "normalized": {
                "x": -0.8234672,
                "y": -0.5673638,
                "normalized": {
                  "x": -0.823467255,
                  "y": -0.567363858,
                  "magnitude": 1.0,
                  "sqrMagnitude": 1.0
                },
                "magnitude": 0.99999994,
                "sqrMagnitude": 0.9999999
              },
              "magnitude": 1.00000012,
              "sqrMagnitude": 1.00000024
            },
            "magnitude": 15.0827122,
            "sqrMagnitude": 227.48822
          },
          {
            "x": -11.23304,
            "y": 10.87915,
            "normalized": {
              "x": -0.7183315,
              "y": 0.695700943,
              "normalized": {
                "x": -0.7183316,
                "y": 0.695701,
                "magnitude": 1.0,
                "sqrMagnitude": 1.00000012
              },
              "magnitude": 0.99999994,
              "sqrMagnitude": 0.99999994
            },
            "magnitude": 15.637682,
            "sqrMagnitude": 244.5371
          },
          {
            "x": 23.65074,
            "y": 10.95918,
            "normalized": {
              "x": 0.9073241,
              "y": 0.420432,
              "magnitude": 1.0,
              "sqrMagnitude": 1.00000012
            },
            "magnitude": 26.0664749,
            "sqrMagnitude": 679.4611
          },
          {
            "x": 24.17579,
            "y": -9.283882,
            "normalized": {
              "x": 0.9335331,
              "y": -0.3584913,
              "magnitude": 1.0,
              "sqrMagnitude": 1.0
            },
            "magnitude": 25.89709,
            "sqrMagnitude": 670.659363
          },
          {
            "x": 110.6047,
            "y": -6.554749,
            "normalized": {
              "x": 0.9982485,
              "y": -0.0591590479,
              "normalized": {
                "x": 0.9982486,
                "y": -0.05915905,
                "magnitude": 1.0,
                "sqrMagnitude": 1.0
              },
              "magnitude": 0.99999994,
              "sqrMagnitude": 0.9999999
            },
            "magnitude": 110.798759,
            "sqrMagnitude": 12276.3643
          },
          {
            "x": 108.0607,
            "y": -134.7187,
            "normalized": {
              "x": 0.6257034,
              "y": -0.7800611,
              "magnitude": 1.0,
              "sqrMagnitude": 1.00000012
            },
            "magnitude": 172.702759,
            "sqrMagnitude": 29826.2441
          },
          {
            "x": -26.99611,
            "y": -122.5924,
            "normalized": {
              "x": -0.215057686,
              "y": -0.976601362,
              "magnitude": 1.0,
              "sqrMagnitude": 1.0
            },
            "magnitude": 125.529625,
            "sqrMagnitude": 15757.6865
          },
          {
            "x": -26.68218,
            "y": -50.15684,
            "normalized": {
              "x": -0.469654262,
              "y": -0.8828504,
              "magnitude": 1.0,
              "sqrMagnitude": 1.0
            },
            "magnitude": 56.81239,
            "sqrMagnitude": 3227.64746
          },
          {
            "x": -12.25329,
            "y": -24.01674,
            "normalized": {
              "x": -0.454465955,
              "y": -0.8907641,
              "magnitude": 1.0,
              "sqrMagnitude": 1.0
            },
            "magnitude": 26.9619541,
            "sqrMagnitude": 726.94696
          }
        ]
      },
      "LoadOnInitial": true,
      "DistrictType": "Level",
      "NPCCrowdRadius": 25.0,
      "LevelGraph": "Config/Level/Maze/MazeShelter/InitLevelGraph_MazeShelter_Common.json",
      "Name": "District1",
      "ID": 1,
      "PosX": 176.39,
      "PosY": 60.0,
      "PosZ": 151.03
    }
  ],
  "WaypointList": [],
  "PathwayList": [],
  "BattleAreaList": [],
  "NPCList": [],
  "CrowdList": [],
  "PedestrianList": []
}