{
  "GroupName": "Shelter Group",
  "AreaAnchorName": "LevelArea_P20002_F20002001_G98",
  "SaveType": "Reset",
  "LoadCondition": {
    "Conditions": [
      {
        "Phase": "Finish",
        "ID": 1000401
      }
    ]
  },
  "StreamingTemplateType": "Standard",
  "AnchorList": [],
  "MonsterList": [],
  "PropList": [],
  "DistrictList": [
    {
      "Scale": {
        "x": 1,
        "y": 1,
        "z": 1,
        "normalized": {
          "x": 0.577350259,
          "y": 0.577350259,
          "z": 0.577350259,
          "normalized": {
            "x": 0.5773503,
            "y": 0.5773503,
            "z": 0.5773503,
            "magnitude": 1.00000012,
            "sqrMagnitude": 1.00000024
          },
          "magnitude": 0.99999994,
          "sqrMagnitude": 0.99999994
        },
        "magnitude": 1.73205078,
        "sqrMagnitude": 3
      },
      "Trigger": {
        "Shape": "Polygon",
        "Radius": 1,
        "DimX": 1,
        "DimY": 5,
        "DimZ": 1,
        "PointList": [
          {
            "x": -15.45476,
            "y": -11.61952,
            "normalized": {
              "x": -0.79929316,
              "y": -0.6009413,
              "magnitude": 1,
              "sqrMagnitude": 1
            },
            "magnitude": 19.3355331,
            "sqrMagnitude": 373.862854
          },
          {
            "x": -5.3278,
            "y": 20.10099,
            "normalized": {
              "x": -0.256204844,
              "y": 0.9666225,
              "normalized": {
                "x": -0.256204873,
                "y": 0.966622531,
                "magnitude": 1,
                "sqrMagnitude": 1.00000012
              },
              "magnitude": 0.99999994,
              "sqrMagnitude": 0.99999994
            },
            "magnitude": 20.7950783,
            "sqrMagnitude": 432.435242
          },
          {
            "x": 63.09859,
            "y": -4.217512,
            "normalized": {
              "x": 0.997773647,
              "y": -0.06669123,
              "normalized": {
                "x": 0.9977737,
                "y": -0.0666912347,
                "magnitude": 1,
                "sqrMagnitude": 1.00000012
              },
              "magnitude": 0.99999994,
              "sqrMagnitude": 0.99999994
            },
            "magnitude": 63.2393837,
            "sqrMagnitude": 3999.21948
          },
          {
            "x": 54.35205,
            "y": -31.3065,
            "normalized": {
              "x": 0.8665335,
              "y": -0.4991188,
              "normalized": {
                "x": 0.8665336,
                "y": -0.499118835,
                "magnitude": 1,
                "sqrMagnitude": 1
              },
              "magnitude": 0.99999994,
              "sqrMagnitude": 0.99999994
            },
            "magnitude": 62.72354,
            "sqrMagnitude": 3934.24243
          }
        ]
      },
      "LoadOnInitial": true,
      "DistrictType": "Level",
      "NPCCrowdRadius": 25,
      "LevelGraph": "Config/Level/Maze/MazeShelter/InitLevelGraph_MazeShelter_Common.json",
      "Name": "N2_Shelter_1",
      "ID": 1,
      "PosX": 7.06,
      "PosY": 2.01,
      "PosZ": -104.15
    },
    {
      "Scale": {
        "x": 1,
        "y": 1,
        "z": 1,
        "normalized": {
          "x": 0.577350259,
          "y": 0.577350259,
          "z": 0.577350259,
          "normalized": {
            "x": 0.5773503,
            "y": 0.5773503,
            "z": 0.5773503,
            "magnitude": 1.00000012,
            "sqrMagnitude": 1.00000024
          },
          "magnitude": 0.99999994,
          "sqrMagnitude": 0.99999994
        },
        "magnitude": 1.73205078,
        "sqrMagnitude": 3
      },
      "Trigger": {
        "Shape": "Polygon",
        "Radius": 1,
        "DimX": 1,
        "DimY": 10,
        "DimZ": 1,
        "PointList": [
          {
            "x": -8.421035,
            "y": -6.752507,
            "normalized": {
              "x": -0.7801597,
              "y": -0.6255804,
              "magnitude": 1,
              "sqrMagnitude": 1
            },
            "magnitude": 10.7939882,
            "sqrMagnitude": 116.510178
          },
          {
            "x": -7.440206,
            "y": 9.991582,
            "normalized": {
              "x": -0.5972489,
              "y": 0.8020559,
              "normalized": {
                "x": -0.597249,
                "y": 0.802055955,
                "magnitude": 1,
                "sqrMagnitude": 1
              },
              "magnitude": 0.99999994,
              "sqrMagnitude": 0.99999994
            },
            "magnitude": 12.4574633,
            "sqrMagnitude": 155.188385
          },
          {
            "x": 1.296911,
            "y": 11.15779,
            "normalized": {
              "x": 0.115456365,
              "y": 0.993312538,
              "normalized": {
                "x": 0.115456372,
                "y": 0.9933126,
                "magnitude": 1,
                "sqrMagnitude": 1.00000012
              },
              "magnitude": 0.99999994,
              "sqrMagnitude": 0.99999994
            },
            "magnitude": 11.23291,
            "sqrMagnitude": 126.178261
          },
          {
            "x": 3.511206,
            "y": 10.44137,
            "normalized": {
              "x": 0.318738848,
              "y": 0.947842538,
              "normalized": {
                "x": 0.318738878,
                "y": 0.9478426,
                "magnitude": 1,
                "sqrMagnitude": 1.00000012
              },
              "magnitude": 0.99999994,
              "sqrMagnitude": 0.99999994
            },
            "magnitude": 11.015933,
            "sqrMagnitude": 121.350777
          },
          {
            "x": 11.81907,
            "y": 9.529409,
            "normalized": {
              "x": 0.7784806,
              "y": 0.6276687,
              "magnitude": 1,
              "sqrMagnitude": 1
            },
            "magnitude": 15.1822281,
            "sqrMagnitude": 230.500061
          },
          {
            "x": 12.50757,
            "y": -5.21763,
            "normalized": {
              "x": 0.9229159,
              "y": -0.3850015,
              "normalized": {
                "x": 0.922915936,
                "y": -0.38500154,
                "magnitude": 1,
                "sqrMagnitude": 1
              },
              "magnitude": 0.99999994,
              "sqrMagnitude": 0.9999999
            },
            "magnitude": 13.5522318,
            "sqrMagnitude": 183.662979
          },
          {
            "x": 3.711151,
            "y": -6.742705,
            "normalized": {
              "x": 0.48218438,
              "y": -0.8760697,
              "normalized": {
                "x": 0.4821844,
                "y": -0.8760698,
                "magnitude": 1,
                "sqrMagnitude": 1
              },
              "magnitude": 0.99999994,
              "sqrMagnitude": 0.9999999
            },
            "magnitude": 7.696539,
            "sqrMagnitude": 59.23671
          },
          {
            "x": 1.573866,
            "y": -7.020022,
            "normalized": {
              "x": 0.2187661,
              "y": -0.9757773,
              "magnitude": 1,
              "sqrMagnitude": 1
            },
            "magnitude": 7.194287,
            "sqrMagnitude": 51.7577629
          }
        ]
      },
      "LoadOnInitial": true,
      "DistrictType": "Level",
      "NPCCrowdRadius": 25,
      "LevelGraph": "Config/Level/Maze/MazeShelter/InitLevelGraph_MazeShelter_Common.json",
      "Name": "N2_Shelter_2",
      "ID": 2,
      "PosX": -112.585,
      "PosY": -3,
      "PosZ": -75.327
    },
    {
      "Scale": {
        "x": 1,
        "y": 1,
        "z": 1,
        "normalized": {
          "x": 0.577350259,
          "y": 0.577350259,
          "z": 0.577350259,