{
  "GroupName": "MainMission8016202_01NPC",
  "Category": "Mission",
  "LevelGraph": "Config/Level/GroupGraph/F20004001/Group_F20004001_G92.json",
  "AreaAnchorName": "LevelArea_P20004_F20004001_G92",
  "SaveType": "Reset",
  "OwnerMainMissionID": 8016202,
  "ValueSource": {},
  "ConflictIDList": [],
  "IsHoyoGroup": true,
  "StreamingTemplateType": "Standard",
  "HoyoGroupLowestLoadPlatformQuality": "VeryLow",
  "ConflictWhiteList": [],
  "AnchorList": [],
  "MonsterList": [],
  "PropList": [],
  "DistrictList": [
    {
      "Scale": {
        "x": 1.0,
        "y": 1.0,
        "z": 1.0,
        "normalized": {
          "x": 0.577350259,
          "y": 0.577350259,
          "z": 0.577350259,
          "normalized": {
            "x": 0.5773503,
            "y": 0.5773503,
            "z": 0.5773503,
            "magnitude": 1.00000012,
            "sqrMagnitude": 1.00000024
          },
          "magnitude": 0.99999994,
          "sqrMagnitude": 0.99999994
        },
        "magnitude": 1.73205078,
        "sqrMagnitude": 3.0
      },
      "Trigger": {
        "Shape": "Polygon",
        "Radius": 1.0,
        "DimX": 1.0,
        "DimY": 1.0,
        "DimZ": 1.0,
        "PointList": [
          {
            "x": -6.031783,
            "y": 10.76193,
            "normalized": {
              "x": -0.4889182,
              "y": 0.8723297,
              "magnitude": 1.0,
              "sqrMagnitude": 1.00000012
            },
            "magnitude": 12.3369989,
            "sqrMagnitude": 152.201553
          },
          {
            "x": -2.737725,
            "y": 11.65994,
            "normalized": {
              "x": -0.22858122,
              "y": 0.973524868,
              "magnitude": 1.0,
              "sqrMagnitude": 1.00000012
            },
            "magnitude": 11.9770336,
            "sqrMagnitude": 143.449326
          },
          {
            "x": 10.79758,
            "y": -2.178909,
            "normalized": {
              "x": 0.980240643,
              "y": -0.1978087,
              "magnitude": 1.0,
              "sqrMagnitude": 1.0
            },
            "magnitude": 11.015234,
            "sqrMagnitude": 121.335373
          },
          {
            "x": 2.830445,
            "y": -6.151823,
            "normalized": {
              "x": 0.4179795,
              "y": -0.908456445,
              "magnitude": 1.0,
              "sqrMagnitude": 1.0
            },
            "magnitude": 6.77173138,
            "sqrMagnitude": 45.8563461
          }
        ]
      },
      "LoadOnInitial": true,
      "DistrictType": "Level",
      "NPCCrowdRadius": 25.0,
      "ValueSource": {},
      "Name": "District1",
      "ID": 1,
      "PosX": 3.08,
      "PosY": 410.82,
      "PosZ": -33.14,
      "IsDelete": true
    },
    {
      "Scale": {
        "x": 1.0,
        "y": 1.0,
        "z": 1.0,
        "normalized": {
          "x": 0.577350259,
          "y": 0.577350259,
          "z": 0.577350259,
          "normalized": {
            "x": 0.5773503,
            "y": 0.5773503,
            "z": 0.5773503,
            "magnitude": 1.00000012,
            "sqrMagnitude": 1.00000024
          },
          "magnitude": 0.99999994,
          "sqrMagnitude": 0.99999994
        },
        "magnitude": 1.73205078,
        "sqrMagnitude": 3.0
      },
      "Trigger": {
        "Shape": "Polygon",
        "Radius": 1.0,
        "DimX": 1.0,
        "DimY": 4.0,
        "DimZ": 1.0,
        "PointList": [
          {
            "x": -5.360457,
            "y": -9.672063,
            "normalized": {
              "x": -0.484750479,
              "y": -0.8746525,
              "magnitude": 1.0,
              "sqrMagnitude": 1.0
            },
            "magnitude": 11.0581779,
            "sqrMagnitude": 122.283295
          },
          {
            "x": -5.319578,
            "y": 7.675016,
            "normalized": {
              "x": -0.569651842,
              "y": 0.821886063,
              "normalized": {
                "x": -0.5696519,
                "y": 0.8218861,
                "magnitude": 1.0,
                "sqrMagnitude": 1.00000012
              },
              "magnitude": 0.99999994,
              "sqrMagnitude": 0.9999999
            },
            "magnitude": 9.338297,
            "sqrMagnitude": 87.20378
          },
          {
            "x": 0.326932,
            "y": 6.598935,
            "normalized": {
              "x": 0.0494824573,
              "y": 0.998775065,
              "magnitude": 1.0,
              "sqrMagnitude": 1.00000012
            },
            "magnitude": 6.60702848,
            "sqrMagnitude": 43.65283
          },
          {
            "x": -0.200018,
            "y": -10.61763,
            "normalized": {
              "x": -0.0188349485,
              "y": -0.999822557,
              "normalized": {
                "x": -0.01883495,
                "y": -0.9998226,
                "magnitude": 1.0,
                "sqrMagnitude": 1.0
              },
              "magnitude": 0.99999994,
              "sqrMagnitude": 0.99999994
            },
            "magnitude": 10.6195145,
            "sqrMagnitude": 112.774078
          }
        ]
      },
      "LoadOnInitial": true,
      "DistrictType": "Level",
      "NPCCrowdRadius": 25.0,
      "ValueSource": {},
      "Name": "District2",
      "ID": 2,
      "PosX": -0.38,
      "PosY": 412.46,
      "PosZ": -30.28266,
      "IsDelete": true
    }
  ],
  "WaypointList": [],
  "PathwayList": [],
  "BattleAreaList": [],
  "NPCList": [
    {
      "NPCID": 3045,
      "LoadOnInitial": true,
      "ValueSource": {},
      "DialogueTriggerAngle": 120,
      "DialogueGroups": [],
      "ServerInteractVerificationIDList": [],
      "DefaultLookAtMode": "LookPlayer",
      "BoardShowList": [],
      "TalkDialogGroupIDList": [],
      "DefaultAnimationType": "FreeStyle",
      "DefaultIdleFreeStyleMotionID": 900130000,
      "BornType": "Mission",
      "InitialHiddenNodeList": [],
      "InteractIconType": "ChatIcon",
      "DialogueTriggerSkipFakeAvatar": true,
      "CameraCenterEntityList": [],
      "SpawnConfig": {
        "TryCapture": true,
        "CaptureDistanceTolerance": 1.5,
        "EntitySpawnConfig": {
          "NeedBlackIn": true,
          "BlackInDistance": 25.0,
          "NeedFadeIn": true,
          "NeedFadeOut": true
        }
      },
      "TriggerValidGuest": {
        "LocalPlayer": true,
        "Teammember": true
      },
      "Name": "NPC1",
      "RotY": 164.0771,
      "ID": 400001,
      "PosX": -10.365,
      "PosY": 172.2414,
      "PosZ": 83.323
    },
    {
      "NPCID": 3046,
      "LoadOnInitial": true,
      "ValueSource": {},
      "DialogueTriggerAngle": 120,
      "DialogueGroups": [],
      "ServerInteractVerificationIDList": [],
      "DefaultLookAtMode": "LookPlayer",
      "BoardShowList": [],
      "TalkDialogGroupIDList": [],
      "DefaultAnimationType": "FreeStyle",
      "DefaultIdleFreeStyleMotionID": 900130000,
      "BornType": "Mission",
      "InitialHiddenNodeList": [],
      "InteractIconType": "ChatIcon",
      "DialogueTriggerSkipFakeAvatar": true,
      "CameraCenterEntityList": [],
      "SpawnConfig": {
        "TryCapture": true,
        "CaptureDistanceTolerance": 1.5,
        "EntitySpawnConfig": {
          "NeedBlackIn": true,
          "BlackInDistance": 25.0,
          "NeedFadeIn": true,
          "NeedFadeOut": true
        }
      },
      "TriggerValidGuest": {
        "LocalPlayer": true,
        "Teammember": true
      },
      "Name": "NPC2",
      "RotY": 342.5429,
      "ID": 400002,
      "PosX": -9.315001,
      "PosY": 172.2414,
      "PosZ": 80.868
    },
    {
      "NPCID": 3047,
      "LoadOnInitial": true,
      "ValueSource": {},
      "DialogueTriggerAngle": 120,
      "DialogueGroups": [],
      "ServerInteractVerificationIDList": [],
      "DefaultLookAtMode": "LookPlayer",
      "BoardShowList": [],