{
  "GroupName": "JianMu_Sfx_Sound",
  "AreaAnchorName": "LevelArea_P10202_F10202001_G94",
  "SaveType": "Reset",
  "LoadCondition": {
    "Conditions": [
      {
        "Type": "SubMission",
        "Phase": "Finish",
        "ID": 202031901
      }
    ]
  },
  "ValueSource": {},
  "ConflictIDList": [],
  "StreamingTemplateType": "Standard",
  "HoyoGroupLowestLoadPlatformQuality": "VeryLow",
  "AnchorList": [],
  "MonsterList": [],
  "PropList": [],
  "DistrictList": [
    {
      "Scale": {
        "x": 1,
        "y": 1,
        "z": 1,
        "normalized": {
          "x": 0.577350259,
          "y": 0.577350259,
          "z": 0.577350259,
          "normalized": {
            "x": 0.5773503,
            "y": 0.5773503,
            "z": 0.5773503,
            "magnitude": 1.00000012,
            "sqrMagnitude": 1.00000024
          },
          "magnitude": 0.99999994,
          "sqrMagnitude": 0.99999994
        },
        "magnitude": 1.73205078,
        "sqrMagnitude": 3
      },
      "Trigger": {
        "Shape": "Box",
        "Radius": 200,
        "DimX": 100,
        "DimY": 10,
        "DimZ": 100,
        "PointList": [
          {
            "x": -20.54408,
            "y": -60.46186,
            "normalized": {
              "x": -0.321720928,
              "y": -0.946834564,
              "magnitude": 1,
              "sqrMagnitude": 1
            },
            "magnitude": 63.85684,
            "sqrMagnitude": 4077.6958
          },
          {
            "x": -29.45516,
            "y": -64.91801,
            "normalized": {
              "x": -0.4131864,
              "y": -0.910646439,
              "normalized": {
                "x": -0.413186431,
                "y": -0.9106465,
                "magnitude": 1,
                "sqrMagnitude": 1
              },
              "magnitude": 0.99999994,
              "sqrMagnitude": 0.99999994
            },
            "magnitude": 71.28783,
            "sqrMagnitude": 5081.954
          },
          {
            "x": -46.3299,
            "y": -50.28753,
            "normalized": {
              "x": -0.677574158,
              "y": -0.73545444,
              "magnitude": 1,
              "sqrMagnitude": 1
            },
            "magnitude": 68.37613,
            "sqrMagnitude": 4675.295
          },
          {
            "x": -48.89214,
            "y": 51.3508,
            "normalized": {
              "x": -0.6895562,
              "y": 0.7242322,
              "magnitude": 1,
              "sqrMagnitude": 1
            },
            "magnitude": 70.90378,
            "sqrMagnitude": 5027.3457
          },
          {
            "x": -10.70157,
            "y": 50.50694,
            "normalized": {
              "x": -0.207281336,
              "y": 0.9782813,
              "normalized": {
                "x": -0.207281351,
                "y": 0.9782814,
                "magnitude": 1,
                "sqrMagnitude": 1
              },
              "magnitude": 0.99999994,
              "sqrMagnitude": 0.9999999
            },
            "magnitude": 51.6282349,
            "sqrMagnitude": 2665.47461
          },
          {
            "x": 14.09333,
            "y": 63.05307,
            "normalized": {
              "x": 0.218132928,
              "y": 0.9759191,
              "magnitude": 1,
              "sqrMagnitude": 1.00000012
            },
            "magnitude": 64.60891,
            "sqrMagnitude": 4174.31152
          },
          {
            "x": 41.7803,
            "y": 54.55561,
            "normalized": {
              "x": 0.6080129,
              "y": 0.793927133,
              "magnitude": 1,
              "sqrMagnitude": 1
            },
            "magnitude": 68.71614,
            "sqrMagnitude": 4721.908
          },
          {
            "x": 560.645,
            "y": 76.57443,
            "normalized": {
              "x": 0.9908011,
              "y": 0.135326326,
              "magnitude": 1,
              "sqrMagnitude": 1
            },
            "magnitude": 565.8502,
            "sqrMagnitude": 320186.5
          },
          {
            "x": 567.923,
            "y": -78.81188,
            "normalized": {
              "x": 0.990508,
              "y": -0.137454912,
              "magnitude": 1,
              "sqrMagnitude": 1
            },
            "magnitude": 573.365356,
            "sqrMagnitude": 328747.8
          },
          {
            "x": 540.3121,
            "y": -258.5707,
            "normalized": {
              "x": 0.9020298,
              "y": -0.431673676,
              "normalized": {
                "x": 0.9020299,
                "y": -0.4316737,
                "magnitude": 1,
                "sqrMagnitude": 1.00000012
              },
              "magnitude": 0.99999994,
              "sqrMagnitude": 0.99999994
            },
            "magnitude": 598.9958,
            "sqrMagnitude": 358795.938
          },
          {
            "x": 51.95662,
            "y": -82.62788,
            "normalized": {
              "x": 0.5323118,
              "y": -0.8465484,
              "magnitude": 1,
              "sqrMagnitude": 1
            },
            "magnitude": 97.60561,
            "sqrMagnitude": 9526.855
          }
        ]
      },
      "LoadOnInitial": true,
      "OnEnterAreaSound": {
        "PlayEventName": "Ev_sfx_amb_gongzaosi_bosstree_pad_idle",
        "StopEventName": "Ev_sfx_amb_gongzaosi_bosstree_pad_idle_stop",
        "TransformList": [
          {
            "Position": {
              "x": 64.94001,
              "y": 1.069999,
              "z": 161.77,
              "normalized": {
                "x": 0.372530729,
                "y": 0.006138088,
                "z": 0.927999556,
                "magnitude": 1,
                "sqrMagnitude": 1
              },
              "magnitude": 174.321213,
              "sqrMagnitude": 30387.8848
            },
            "Forward": {
              "x": -1,
              "magnitude": 1,
              "sqrMagnitude": 1
            },
            "Up": {
              "y": 1,
              "magnitude": 1,
              "sqrMagnitude": 1
            }
          },
          {
            "Position": {
              "x": -17.2,
              "y": 1.069999,
              "z": 163.15,
              "normalized": {
                "x": -0.10484121,
                "y": 0.006522092,
                "z": 0.994467556,
                "normalized": {
                  "x": -0.104841217,
                  "y": 0.0065220925,
                  "z": 0.9944676,
                  "magnitude": 1,
                  "sqrMagnitude": 1.00000012
                },
                "magnitude": 0.99999994,
                "sqrMagnitude": 0.99999994
              },
              "magnitude": 164.057632,
              "sqrMagnitude": 26914.9043
            },
            "Forward": {
              "x": -1,
              "magnitude": 1,
              "sqrMagnitude": 1
            },
            "Up": {
              "y": 1,
              "magnitude": 1,
              "sqrMagnitude": 1
            }
          }
        ]
      },
      "NPCCrowdRadius": 25,
      "Name": "District1",
      "RotY": 270,
      "ID": 1,
      "PosX": 25.7,
      "PosY": 2.1,
      "PosZ": 120.9
    }
  ],
  "WaypointList": [],
  "PathwayList": [],
  "BattleAreaList": [],
  "NPCList": [],
  "CrowdList": [],
  "PedestrianList": [],
  "AudienceList": [],
  "SmartObjectList": []
}