{
  "GroupName": "Sound",
  "AreaAnchorName": "LevelArea_P20311_F20311001_G443",
  "SaveType": "Reset",
  "SavedValueCondition": {
    "Conditions": [],
    "Operation": "And"
  },
  "LoadOnInitial": true,
  "ValueSource": {},
  "ConflictIDList": [],
  "IsHoyoGroup": true,
  "HoYoGroupType": "Container",
  "StreamingTemplateType": "Standard",
  "ConflictWhiteList": [],
  "AnchorList": [],
  "MonsterList": [],
  "PropList": [],
  "DistrictList": [
    {
      "Scale": {
        "x": 1,
        "y": 1,
        "z": 1,
        "normalized": {
          "x": 0.577350259,
          "y": 0.577350259,
          "z": 0.577350259,
          "normalized": {
            "x": 0.5773503,
            "y": 0.5773503,
            "z": 0.5773503,
            "magnitude": 1.00000012,
            "sqrMagnitude": 1.00000024
          },
          "magnitude": 0.99999994,
          "sqrMagnitude": 0.99999994
        },
        "magnitude": 1.73205078,
        "sqrMagnitude": 3
      },
      "Trigger": {
        "Shape": "Polygon",
        "Radius": 1,
        "DimX": 1,
        "DimY": 60,
        "DimZ": 1,
        "PointList": [
          {
            "x": -14.37325,
            "y": -32.12096,
            "normalized": {
              "x": -0.4084453,
              "y": -0.9127828,
              "magnitude": 1,
              "sqrMagnitude": 1
            },
            "magnitude": 35.1901474,
            "sqrMagnitude": 1238.34644
          },
          {
            "x": -12.42186,
            "y": 27.12463,
            "normalized": {
              "x": -0.416370422,
              "y": 0.909195065,
              "magnitude": 1,
              "sqrMagnitude": 1
            },
            "magnitude": 29.8336754,
            "sqrMagnitude": 890.048157
          },
          {
            "x": 43.67104,
            "y": 23.95172,
            "normalized": {
              "x": 0.876786351,
              "y": 0.480880231,
              "magnitude": 1,
              "sqrMagnitude": 1.00000012
            },
            "magnitude": 49.808075,
            "sqrMagnitude": 2480.84448
          },
          {
            "x": 39.91956,
            "y": -38.17918,
            "normalized": {
              "x": 0.722684741,
              "y": -0.6911777,
              "normalized": {
                "x": 0.7226848,
                "y": -0.6911778,
                "magnitude": 1,
                "sqrMagnitude": 1
              },
              "magnitude": 0.99999994,
              "sqrMagnitude": 0.9999999
            },
            "magnitude": 55.23786,
            "sqrMagnitude": 3051.22119
          }
        ]
      },
      "LoadOnInitial": true,
      "OnEnterAudioState": [
        {
          "GroupName": "StateGroup_Maze_Penocony_P1_1",
          "StateName": "State_MeeingHall"
        }
      ],
      "OnEnterAreaSound": {
        "PlayEventName": "Ev_WwiseMatrixReverb_VO_04_datingdaxing",
        "TransformList": []
      },
      "NPCCrowdRadius": 25,
      "ValueSource": {},
      "Name": "District23",
      "ID": 23,
      "PosX": -130.7,
      "PosY": 3.1,
      "PosZ": -268.1
    },
    {
      "Scale": {
        "x": 1,
        "y": 1,
        "z": 1,
        "normalized": {
          "x": 0.577350259,
          "y": 0.577350259,
          "z": 0.577350259,
          "normalized": {
            "x": 0.5773503,
            "y": 0.5773503,
            "z": 0.5773503,
            "magnitude": 1.00000012,
            "sqrMagnitude": 1.00000024
          },
          "magnitude": 0.99999994,
          "sqrMagnitude": 0.99999994
        },
        "magnitude": 1.73205078,
        "sqrMagnitude": 3
      },
      "Trigger": {
        "Shape": "Box",
        "Radius": 1,
        "DimX": 10,
        "DimY": 10,
        "DimZ": 30,
        "PointList": []
      },
      "LoadOnInitial": true,
      "OnEnterAudioState": [
        {
          "GroupName": "StateGroup_Maze_Penocony_P1_1",
          "StateName": "State_Corridor"
        }
      ],
      "OnEnterAreaSound": {
        "PlayEventName": "Ev_WwiseMatrixReverb_VO_21_zoulangruanzhuangxiu",
        "TransformList": []
      },
      "NPCCrowdRadius": 25,
      "ValueSource": {},
      "Name": "District1",
      "ID": 1,
      "PosX": -116.3,
      "PosY": 23.07,
      "PosZ": -233
    }
  ],
  "WaypointList": [],
  "PathwayList": [],
  "BattleAreaList": [],
  "NPCList": [],
  "CrowdList": [],
  "PedestrianList": [],
  "SmartObjectList": []
}